close_time,125421321 RSI Scalping TSLA,XAU Unattributed (multiple robots),129102315 RSI Scalping XAUUSD,30002 RSI Reversal Asian AUDUSD,20003 RSI Scalping NVDA,12350 EMA Slope Distance (XAU),123459123 RSI Scalping BTCUSD,30001 RSI Reversal Asian EURUSD,20002 RSI Scalping MSFT
2026-01-05 08:00:00,0.0,0.0,0.0,0.0,0.0,0.0,0.0,0.0,0.0
2026-01-05 12:06:01,0.0,0.0,0.0,0.0,0.0,61.98,0.0,0.0,0.0
2026-01-05 18:06:21,0.0,0.0,0.0,0.0,0.0,86.07,0.0,0.0,0.0
2026-01-06 07:55:38,0.0,0.0,0.0,0.0,0.0,86.07,0.0,-3.0,0.0
2026-01-06 08:00:00,0.0,0.0,0.0,4.2,0.0,86.07,0.0,-3.0,0.0
2026-01-06 12:00:00,0.0,0.0,-81.78,4.2,0.0,86.07,0.0,-3.0,0.0
2026-01-06 15:13:04,0.0,0.0,-78.69,4.2,0.0,86.07,0.0,-3.0,0.0
2026-01-06 16:39:10,0.0,0.0,-78.69,4.2,0.0,111.69,0.0,-3.0,0.0
2026-01-06 19:42:51,0.0,0.0,-78.69,4.2,0.0,101.72999999999999,0.0,-3.0,0.0
2026-01-07 08:00:00,0.0,0.0,-78.69,12.2,0.0,101.72999999999999,0.0,-3.0,0.0
2026-01-07 11:00:00,0.0,0.0,-78.69,12.2,0.0,29.189999999999984,0.0,-3.0,0.0
2026-01-08 08:21:15,0.0,0.0,-78.69,12.2,0.0,29.339999999999982,0.0,-3.0,0.0
2026-01-08 18:00:00,0.0,0.0,-78.69,12.2,0.0,29.339999999999982,0.0,-3.0,-49.1
2026-01-09 07:00:00,0.0,0.0,-78.69,12.2,0.0,29.339999999999982,0.0,-3.0,-49.1
2026-01-12 03:00:00,0.0,0.0,296.85,12.2,0.0,29.339999999999982,0.0,-3.0,-49.1
2026-01-12 05:43:32,0.0,0.0,296.85,12.2,0.0,36.11999999999998,0.0,-3.0,-49.1
2026-01-12 06:00:00,0.0,0.0,296.85,12.2,0.0,35.399999999999984,0.0,-3.0,-49.1
2026-01-12 06:01:28,0.0,0.0,296.85,12.2,0.0,35.399999999999984,0.0,-3.8,-49.1
2026-01-13 00:01:01,0.0,0.0,296.85,12.2,0.0,35.399999999999984,0.0,-10.2,-49.1
2026-01-13 03:00:00,0.0,0.0,246.06000000000003,12.2,0.0,35.399999999999984,0.0,-10.2,-49.1
2026-01-13 16:28:43,0.0,0.0,267.48,12.2,0.0,56.819999999999986,0.0,-10.2,-49.1
2026-01-13 20:00:00,0.0,0.0,267.48,12.2,0.0,-63.00000000000001,0.0,-10.2,-49.1
2026-01-14 05:28:14,0.0,0.0,267.48,12.2,0.0,-72.63000000000001,0.0,-10.2,-49.1
2026-01-14 07:19:03,0.0,0.0,305.1,12.2,0.0,-72.63000000000001,0.0,-10.2,-49.1
2026-01-14 15:00:44,0.0,-11.19,305.1,12.2,0.0,-72.63000000000001,0.0,-10.2,-49.1
2026-01-14 17:11:47,49.1,-11.19,305.1,12.2,0.0,-72.63000000000001,0.0,-10.2,-49.1
2026-01-15 03:00:00,49.1,-74.88,305.1,12.2,0.0,-72.63000000000001,0.0,-10.2,-49.1
2026-01-15 07:28:43,49.1,-69.75,305.1,12.2,0.0,-72.63000000000001,0.0,-10.2,-49.1
2026-01-15 17:00:00,49.1,-141.66,305.1,12.2,0.0,-72.63000000000001,0.0,-10.2,-49.1
2026-01-16 08:00:00,49.1,-152.35999999999999,305.1,12.2,0.0,-72.63000000000001,0.0,-10.2,-49.1
2026-01-19 01:01:01,49.1,-348.98,305.1,12.2,0.0,-72.63000000000001,0.0,-10.2,-49.1
2026-01-19 02:08:19,49.1,-348.98,305.1,12.2,0.0,-72.63000000000001,0.0,-0.6999999999999993,-49.1
2026-01-19 03:00:46,49.1,-354.74,305.1,12.2,0.0,-72.63000000000001,0.0,-0.6999999999999993,-49.1
2026-01-19 04:00:26,49.1,-354.74,305.1,12.2,0.0,-72.63000000000001,0.0,9.4,-49.1
2026-01-20 00:01:00,49.1,-354.74,305.1,12.2,0.0,-72.63000000000001,0.0,-5.199999999999999,-49.1
2026-01-20 07:24:12,49.1,-282.38,305.1,12.2,0.0,-72.63000000000001,0.0,-5.199999999999999,-49.1
2026-01-20 08:00:00,49.1,-282.38,305.1,-4.199999999999999,0.0,-72.63000000000001,0.0,-5.199999999999999,-49.1
2026-01-20 09:51:16,49.1,-271.4,305.1,-4.199999999999999,0.0,-72.63000000000001,0.0,-5.199999999999999,-49.1
2026-01-20 10:19:24,49.1,-254.29999999999998,305.1,-4.199999999999999,0.0,-72.63000000000001,0.0,-5.199999999999999,-49.1
2026-01-20 12:00:07,49.1,-247.93999999999997,305.1,-4.199999999999999,0.0,-72.63000000000001,0.0,-5.199999999999999,-49.1
2026-01-20 15:34:19,49.1,-237.22999999999996,305.1,-4.199999999999999,0.0,-72.63000000000001,0.0,-5.199999999999999,-49.1
2026-01-21 00:01:00,49.1,-237.22999999999996,305.1,-4.199999999999999,0.0,-72.63000000000001,0.0,-81.3,-49.1
2026-01-21 17:24:43,49.1,-145.00999999999996,305.1,-4.199999999999999,0.0,-72.63000000000001,0.0,-81.3,-49.1
2026-01-22 02:00:00,49.1,-361.5799999999999,305.1,-4.199999999999999,0.0,-72.63000000000001,0.0,-81.3,-49.1
2026-01-22 08:00:00,49.1,-459.2299999999999,305.1,-31.4,0.0,-72.63000000000001,0.0,-81.3,-49.1
2026-01-22 18:00:00,23.700000000000003,-459.2299999999999,305.1,-31.4,0.0,-72.63000000000001,0.0,-81.3,-49.1
2026-01-22 18:30:02,23.700000000000003,-434.1799999999999,305.1,-31.4,0.0,-72.63000000000001,0.0,-81.3,-49.1
2026-01-22 21:27:07,23.700000000000003,-334.9099999999999,305.1,-31.4,0.0,-72.63000000000001,0.0,-81.3,-49.1
2026-01-22 22:00:00,23.700000000000003,-335.6599999999999,305.1,-31.4,0.0,-72.63000000000001,0.0,-81.3,-49.1
2026-01-23 03:00:00,23.700000000000003,-498.8299999999999,305.1,-31.4,0.0,-72.63000000000001,0.0,-81.3,-49.1
2026-01-23 04:44:42,23.700000000000003,-498.8299999999999,305.1,-31.4,0.0,-72.63000000000001,0.0,-81.39999999999999,-49.1
2026-01-23 05:16:54,23.700000000000003,-506.74999999999994,305.1,-31.4,0.0,-72.63000000000001,0.0,-81.39999999999999,-49.1
2026-01-23 08:00:00,23.700000000000003,-506.74999999999994,305.1,-46.0,0.0,-72.63000000000001,0.0,-81.39999999999999,-49.1
2026-01-23 11:00:00,23.700000000000003,-388.3399999999999,305.1,-46.0,0.0,-72.63000000000001,0.0,-81.39999999999999,-49.1
2026-01-26 04:00:00,23.700000000000003,34.3300000000001,305.1,-46.0,0.0,-72.63000000000001,0.0,-81.39999999999999,-49.1
2026-01-26 08:00:00,23.700000000000003,34.3300000000001,305.1,-34.4,0.0,-72.63000000000001,0.0,-81.39999999999999,-49.1
2026-01-26 21:00:00,23.700000000000003,65.1700000000001,305.1,-34.4,0.0,-72.63000000000001,0.0,-81.39999999999999,-49.1
2026-01-27 00:01:00,23.700000000000003,65.1700000000001,305.1,-34.4,0.0,-72.63000000000001,0.0,-214.09999999999997,-49.1
2026-01-27 04:00:00,23.700000000000003,-41.089999999999904,305.1,-34.4,0.0,-72.63000000000001,0.0,-214.09999999999997,-49.1
2026-01-27 05:07:00,23.700000000000003,-41.089999999999904,305.1,-34.4,0.0,-72.63000000000001,0.0,-207.59999999999997,-49.1
2026-01-27 06:09:45,23.700000000000003,-40.60999999999991,305.1,-34.4,0.0,-72.63000000000001,0.0,-207.59999999999997,-49.1
2026-01-27 08:50:00,23.700000000000003,-5.089999999999904,305.1,-34.4,0.0,-72.63000000000001,0.0,-207.59999999999997,-49.1
2026-01-27 09:12:16,23.700000000000003,-0.25999999999990386,305.1,-34.4,0.0,-72.63000000000001,0.0,-207.59999999999997,-49.1
2026-01-27 11:45:33,23.700000000000003,2.560000000000096,305.1,-34.4,0.0,-72.63000000000001,0.0,-207.59999999999997,-49.1
2026-01-27 16:00:00,23.700000000000003,-61.159999999999904,305.1,-34.4,0.0,-72.63000000000001,0.0,-207.59999999999997,-49.1
2026-01-27 17:03:41,54.300000000000004,-61.159999999999904,305.1,-34.4,0.0,-72.63000000000001,0.0,-207.59999999999997,-49.1
2026-01-27 23:00:30,54.300000000000004,159.3400000000001,305.1,-34.4,0.0,-72.63000000000001,0.0,-207.59999999999997,-49.1
2026-01-28 03:31:17,54.300000000000004,159.3400000000001,305.1,-34.4,0.0,-72.63000000000001,0.0,-171.69999999999996,-49.1
2026-01-28 07:01:59,54.300000000000004,588.97,305.1,-34.4,0.0,-72.63000000000001,0.0,-171.69999999999996,-49.1
2026-01-28 08:00:00,54.300000000000004,588.97,305.1,-27.2,0.0,-72.63000000000001,0.0,-171.69999999999996,-49.1
2026-01-28 09:00:38,54.300000000000004,601.69,305.1,-27.2,0.0,-72.63000000000001,0.0,-171.69999999999996,-49.1
2026-01-28 10:12:05,54.300000000000004,603.82,305.1,-27.2,0.0,-72.63000000000001,0.0,-171.69999999999996,-49.1
2026-01-28 14:12:22,54.300000000000004,604.0,305.1,-27.2,0.0,-72.63000000000001,0.0,-171.69999999999996,-49.1
2026-01-28 17:12:17,54.300000000000004,647.86,305.1,-27.2,0.0,-72.63000000000001,0.0,-171.69999999999996,-49.1
2026-01-28 18:53:19,54.300000000000004,647.86,305.1,-27.2,0.0,-72.63000000000001,0.0,-171.69999999999996,2.3999999999999986
2026-01-28 19:08:19,54.300000000000004,645.46,305.1,-27.2,0.0,-72.63000000000001,0.0,-171.69999999999996,2.3999999999999986
2026-01-29 02:00:01,54.300000000000004,-0.8899999999999864,305.1,-27.2,0.0,-72.63000000000001,0.0,-171.69999999999996,2.3999999999999986
2026-01-29 07:58:06,54.300000000000004,-0.8899999999999864,305.1,-27.2,0.0,-72.63000000000001,0.0,-159.99999999999997,2.3999999999999986
2026-01-29 08:00:00,54.300000000000004,-0.8899999999999864,305.1,-57.8,0.0,-72.63000000000001,0.0,-159.99999999999997,2.3999999999999986
2026-01-29 12:38:43,54.300000000000004,8.890000000000013,305.1,-57.8,0.0,-72.63000000000001,0.0,-159.99999999999997,2.3999999999999986
2026-01-30 01:01:01,54.300000000000004,-650.63,305.1,-57.8,0.0,-72.63000000000001,0.0,-159.99999999999997,2.3999999999999986
2026-01-30 04:00:00,54.300000000000004,-1064.69,305.1,-57.8,0.0,-72.63000000000001,0.0,-159.99999999999997,2.3999999999999986
2026-01-30 06:00:34,54.300000000000004,-1001.1800000000001,305.1,-57.8,0.0,-72.63000000000001,0.0,-159.99999999999997,2.3999999999999986
2026-01-30 07:00:00,54.300000000000004,-1003.58,305.1,-57.8,0.0,-72.63000000000001,0.0,-159.99999999999997,2.3999999999999986
2026-01-30 09:00:00,54.300000000000004,-1044.07,305.1,-57.8,0.0,-72.63000000000001,0.0,-159.99999999999997,2.3999999999999986
2026-01-30 11:00:10,54.300000000000004,-873.4,305.1,-57.8,0.0,-72.63000000000001,0.0,-159.99999999999997,2.3999999999999986
2026-01-30 20:00:04,54.300000000000004,-397.51,305.1,-57.8,0.0,-72.63000000000001,0.0,-159.99999999999997,2.3999999999999986
2026-01-30 23:00:03,54.300000000000004,-318.01,305.1,-57.8,0.0,-72.63000000000001,0.0,-159.99999999999997,2.3999999999999986
2026-02-03 02:00:00,54.300000000000004,-244.57,305.1,-57.8,0.0,-72.63000000000001,0.0,-159.99999999999997,2.3999999999999986
2026-02-03 04:00:10,54.300000000000004,-85.47999999999999,305.1,-57.8,0.0,-72.63000000000001,0.0,-159.99999999999997,2.3999999999999986
2026-02-03 07:13:20,54.300000000000004,-60.609999999999985,305.1,-57.8,0.0,-72.63000000000001,0.0,-159.99999999999997,2.3999999999999986
2026-02-03 08:00:00,54.300000000000004,-60.609999999999985,305.1,-61.599999999999994,0.0,-72.63000000000001,0.0,-159.99999999999997,2.3999999999999986
2026-02-03 08:12:16,54.300000000000004,-30.879999999999985,305.1,-61.599999999999994,0.0,-72.63000000000001,0.0,-159.99999999999997,2.3999999999999986
2026-02-03 09:16:31,54.300000000000004,-23.319999999999986,305.1,-61.599999999999994,0.0,-72.63000000000001,0.0,-159.99999999999997,2.3999999999999986
2026-02-03 10:24:18,54.300000000000004,32.72000000000001,305.1,-61.599999999999994,0.0,-72.63000000000001,0.0,-159.99999999999997,2.3999999999999986
2026-02-03 17:27:59,154.4,32.72000000000001,305.1,-61.599999999999994,0.0,-72.63000000000001,0.0,-159.99999999999997,2.3999999999999986
2026-02-04 04:50:05,154.4,32.72000000000001,305.1,-61.599999999999994,0.0,-72.63000000000001,0.0,-152.49999999999997,2.3999999999999986
2026-02-04 07:00:00,154.4,31.830000000000013,305.1,-61.599999999999994,0.0,-72.63000000000001,0.0,-152.49999999999997,2.3999999999999986
2026-02-04 07:00:02,154.4,482.03999999999996,305.1,-61.599999999999994,0.0,-72.63000000000001,0.0,-152.49999999999997,2.3999999999999986
2026-02-04 12:13:15,154.4,487.61999999999995,305.1,-61.599999999999994,0.0,-72.63000000000001,0.0,-152.49999999999997,2.3999999999999986
2026-02-04 18:24:11,154.4,558.9,305.1,-61.599999999999994,0.0,-72.63000000000001,0.0,-152.49999999999997,2.3999999999999986
2026-02-05 00:01:00,154.4,558.9,305.1,-61.599999999999994,0.0,-72.63000000000001,0.0,-129.39999999999998,2.3999999999999986
2026-02-05 01:01:00,154.4,305.93999999999994,305.1,-61.599999999999994,0.0,-72.63000000000001,0.0,-129.39999999999998,2.3999999999999986
2026-02-05 04:00:00,154.4,145.13999999999993,305.1,-61.599999999999994,0.0,-72.63000000000001,0.0,-129.39999999999998,2.3999999999999986
2026-02-05 08:00:12,154.4,155.80999999999992,305.1,-61.599999999999994,0.0,-72.63000000000001,0.0,-129.39999999999998,2.3999999999999986
2026-02-05 17:48:31,154.4,177.07999999999993,305.1,-61.599999999999994,0.0,-72.63000000000001,0.0,-129.39999999999998,2.3999999999999986
2026-02-05 23:01:58,154.4,181.36999999999992,305.1,-61.599999999999994,0.0,-72.63000000000001,0.0,-129.39999999999998,2.3999999999999986
2026-02-06 01:01:01,154.4,131.0399999999999,305.1,-61.599999999999994,0.0,-72.63000000000001,0.0,-129.39999999999998,2.3999999999999986
2026-02-06 04:01:08,154.4,131.0399999999999,305.1,9.400000000000006,0.0,-72.63000000000001,0.0,-129.39999999999998,2.3999999999999986
2026-02-06 08:00:00,154.4,-452.8200000000001,305.1,9.400000000000006,0.0,-72.63000000000001,0.0,-129.39999999999998,2.3999999999999986
2026-02-09 03:51:31,154.4,-249.7200000000001,305.1,9.400000000000006,0.0,-72.63000000000001,0.0,-129.39999999999998,2.3999999999999986
2026-02-09 03:59:22,154.4,-83.5700000000001,305.1,9.400000000000006,0.0,-72.63000000000001,0.0,-129.39999999999998,2.3999999999999986
2026-02-09 07:00:00,154.4,-87.02000000000011,305.1,9.400000000000006,0.0,-72.63000000000001,0.0,-129.39999999999998,2.3999999999999986
2026-02-09 13:00:00,154.4,73.72999999999989,305.1,9.400000000000006,0.0,-72.63000000000001,0.0,-129.39999999999998,2.3999999999999986
2026-02-09 15:00:02,154.4,69.55999999999989,305.1,9.400000000000006,0.0,-72.63000000000001,0.0,-129.39999999999998,2.3999999999999986
2026-02-09 17:43:21,-126.6,69.55999999999989,305.1,9.400000000000006,0.0,-72.63000000000001,0.0,-129.39999999999998,2.3999999999999986
2026-02-10 05:00:00,-126.6,-29.140000000000114,305.1,9.400000000000006,0.0,-72.63000000000001,0.0,-129.39999999999998,2.3999999999999986
2026-02-10 07:00:00,-126.6,-30.010000000000115,305.1,9.400000000000006,0.0,-72.63000000000001,0.0,-129.39999999999998,2.3999999999999986
2026-02-10 07:15:30,-126.6,50.63999999999989,305.1,9.400000000000006,0.0,-72.63000000000001,0.0,-129.39999999999998,2.3999999999999986
2026-02-10 10:50:55,-126.6,76.61999999999989,305.1,9.400000000000006,0.0,-72.63000000000001,0.0,-129.39999999999998,2.3999999999999986
2026-02-10 11:13:05,-126.6,111.65999999999988,305.1,9.400000000000006,0.0,-72.63000000000001,0.0,-129.39999999999998,2.3999999999999986
2026-02-10 12:54:34,-126.6,123.17999999999988,305.1,9.400000000000006,0.0,-72.63000000000001,0.0,-129.39999999999998,2.3999999999999986
2026-02-10 13:18:10,-126.6,126.59999999999988,305.1,9.400000000000006,0.0,-72.63000000000001,0.0,-129.39999999999998,2.3999999999999986
2026-02-10 16:25:00,-126.6,213.71999999999989,305.1,9.400000000000006,0.0,-72.63000000000001,0.0,-129.39999999999998,2.3999999999999986
2026-02-10 16:45:00,-126.6,213.71999999999989,305.1,9.400000000000006,2.0,-72.63000000000001,0.0,-129.39999999999998,2.3999999999999986
2026-02-10 17:00:00,-126.6,213.71999999999989,305.1,9.400000000000006,2.55,-72.63000000000001,0.0,-129.39999999999998,2.3999999999999986
2026-02-10 17:15:40,-126.6,213.8999999999999,305.1,9.400000000000006,2.55,-72.63000000000001,0.0,-129.39999999999998,2.3999999999999986
2026-02-10 21:00:01,-126.6,213.8999999999999,305.1,9.400000000000006,2.55,-72.63000000000001,0.0,-129.39999999999998,-20.5
2026-02-11 04:02:06,-126.6,237.0299999999999,305.1,9.400000000000006,2.55,-72.63000000000001,0.0,-129.39999999999998,-20.5
2026-02-11 07:48:46,-126.6,237.9299999999999,305.1,9.400000000000006,2.55,-72.63000000000001,0.0,-129.39999999999998,-20.5
2026-02-11 08:00:00,-126.6,218.2799999999999,305.1,9.400000000000006,2.55,-72.63000000000001,0.0,-129.39999999999998,-20.5
2026-02-11 11:49:18,-126.6,235.7999999999999,305.1,9.400000000000006,2.55,-72.63000000000001,0.0,-129.39999999999998,-20.5
2026-02-11 12:27:16,-126.6,295.1599999999999,305.1,9.400000000000006,2.55,-72.63000000000001,0.0,-129.39999999999998,-20.5
2026-02-11 13:24:06,-126.6,304.6699999999999,305.1,9.400000000000006,2.55,-72.63000000000001,0.0,-129.39999999999998,-20.5
2026-02-11 17:25:57,-126.6,304.6699999999999,305.1,9.400000000000006,3.0,-72.63000000000001,0.0,-129.39999999999998,-20.5
2026-02-11 19:20:00,-126.6,304.6699999999999,305.1,9.400000000000006,3.0,-72.63000000000001,0.0,-129.39999999999998,-20.5
2026-02-12 05:00:00,-126.6,174.6699999999999,305.1,9.400000000000006,3.0,-72.63000000000001,0.0,-129.39999999999998,-20.5
2026-02-12 07:00:00,-126.6,173.1699999999999,305.1,9.400000000000006,3.0,-72.63000000000001,0.0,-129.39999999999998,-20.5
2026-02-12 09:00:00,-126.6,14.919999999999902,305.1,9.400000000000006,3.0,-72.63000000000001,0.0,-129.39999999999998,-20.5
2026-02-12 17:45:00,-126.6,14.919999999999902,305.1,9.400000000000006,17.45,-72.63000000000001,0.0,-129.39999999999998,-20.5
2026-02-12 18:00:01,-126.6,14.919999999999902,305.1,9.400000000000006,19.849999999999998,-72.63000000000001,0.0,-129.39999999999998,-20.5
2026-02-12 20:01:58,-126.6,43.119999999999905,305.1,9.400000000000006,19.849999999999998,-72.63000000000001,0.0,-129.39999999999998,-20.5
2026-02-12 23:02:07,-126.6,97.1499999999999,305.1,9.400000000000006,19.849999999999998,-72.63000000000001,0.0,-129.39999999999998,-20.5
2026-02-13 05:18:27,-126.6,105.3999999999999,305.1,9.400000000000006,19.849999999999998,-72.63000000000001,0.0,-129.39999999999998,-20.5
2026-02-13 08:00:00,-126.6,0.9699999999998994,305.1,9.400000000000006,19.849999999999998,-72.63000000000001,0.0,-129.39999999999998,-20.5
2026-02-13 15:42:45,-126.6,-294.7100000000001,305.1,9.400000000000006,19.849999999999998,-72.63000000000001,0.0,-129.39999999999998,-20.5
2026-02-13 19:00:00,-126.6,-488.5700000000001,305.1,9.400000000000006,19.849999999999998,-72.63000000000001,0.0,-129.39999999999998,-20.5
2026-02-13 21:42:00,-126.6,-488.5700000000001,305.1,9.400000000000006,28.349999999999998,-72.63000000000001,0.0,-129.39999999999998,-20.5
2026-02-13 21:58:36,-126.6,-446.1500000000001,305.1,9.400000000000006,28.349999999999998,-72.63000000000001,0.0,-129.39999999999998,-20.5
2026-02-13 22:00:00,-126.6,-446.1500000000001,305.1,9.400000000000006,32.55,-72.63000000000001,0.0,-129.39999999999998,-20.5
2026-02-16 02:00:00,-126.6,-446.1500000000001,305.1,9.400000000000006,32.55,-72.63000000000001,-16.6,-129.39999999999998,-20.5
2026-02-16 05:00:00,-126.6,-579.1000000000001,305.1,9.400000000000006,32.55,-72.63000000000001,-16.6,-129.39999999999998,-20.5
2026-02-17 17:00:00,-49.8,-579.1000000000001,305.1,9.400000000000006,32.55,-72.63000000000001,-16.6,-129.39999999999998,-20.5
2026-02-17 17:45:00,-49.8,-579.1000000000001,305.1,9.400000000000006,26.449999999999996,-72.63000000000001,-16.6,-129.39999999999998,-20.5
2026-02-19 22:00:00,-49.8,-133.80000000000013,305.1,9.400000000000006,26.449999999999996,-72.63000000000001,-16.6,-129.39999999999998,-20.5
2026-02-20 07:00:00,-49.8,-201.30000000000013,305.1,9.400000000000006,26.449999999999996,-72.63000000000001,-16.6,-129.39999999999998,-20.5
2026-02-23 02:00:00,-49.8,1316.8999999999999,305.1,9.400000000000006,26.449999999999996,-72.63000000000001,-16.6,-129.39999999999998,-20.5
2026-02-24 02:00:00,-49.8,407.79999999999984,305.1,9.400000000000006,26.449999999999996,-72.63000000000001,-16.6,-129.39999999999998,-20.5
2026-02-24 04:00:00,-49.8,860.9999999999998,305.1,9.400000000000006,26.449999999999996,-72.63000000000001,-16.6,-129.39999999999998,-20.5
2026-02-24 10:01:34,-49.8,880.3799999999998,305.1,9.400000000000006,26.449999999999996,-72.63000000000001,-16.6,-129.39999999999998,-20.5
2026-02-24 14:01:01,-49.8,873.7799999999997,305.1,9.400000000000006,26.449999999999996,-72.63000000000001,-16.6,-129.39999999999998,-20.5
2026-02-24 18:00:00,-49.8,759.9899999999998,305.1,9.400000000000006,26.449999999999996,-72.63000000000001,-16.6,-129.39999999999998,-20.5
2026-02-24 18:15:00,-49.8,759.9899999999998,305.1,9.400000000000006,-58.300000000000004,-72.63000000000001,-16.6,-129.39999999999998,-20.5
2026-02-25 05:55:01,-49.8,762.1799999999998,305.1,9.400000000000006,-58.300000000000004,-72.63000000000001,-16.6,-129.39999999999998,-20.5
2026-02-25 08:00:56,-49.8,811.8899999999999,305.1,9.400000000000006,-58.300000000000004,-72.63000000000001,-16.6,-129.39999999999998,-20.5
2026-02-25 16:00:00,-49.8,634.3899999999999,305.1,9.400000000000006,-58.300000000000004,-72.63000000000001,-16.6,-129.39999999999998,-20.5
2026-02-25 18:07:26,-49.8,624.6399999999999,305.1,9.400000000000006,-58.300000000000004,-72.63000000000001,-16.6,-129.39999999999998,-20.5
2026-02-25 23:00:03,-49.8,442.65999999999985,305.1,9.400000000000006,-58.300000000000004,-72.63000000000001,-16.6,-129.39999999999998,-20.5
2026-02-26 03:00:00,-49.8,375.05999999999983,305.1,9.400000000000006,-58.300000000000004,-72.63000000000001,-16.6,-129.39999999999998,-20.5
2026-02-26 06:00:00,-49.8,375.05999999999983,305.1,9.400000000000006,-58.300000000000004,-72.63000000000001,106.34,-129.39999999999998,-20.5
2026-02-26 13:00:00,-49.8,293.0099999999998,305.1,9.400000000000006,-58.300000000000004,-72.63000000000001,106.34,-129.39999999999998,-20.5
2026-02-26 16:45:00,-49.8,293.0099999999998,305.1,9.400000000000006,21.699999999999996,-72.63000000000001,106.34,-129.39999999999998,-20.5
2026-02-26 16:46:48,-49.8,293.0099999999998,305.1,9.400000000000006,26.399999999999995,-72.63000000000001,106.34,-129.39999999999998,-20.5
2026-02-26 16:46:53,-49.8,293.0099999999998,305.1,9.400000000000006,52.099999999999994,-72.63000000000001,106.34,-129.39999999999998,-20.5
2026-02-26 16:46:56,-49.8,293.0099999999998,305.1,9.400000000000006,89.94999999999999,-72.63000000000001,106.34,-129.39999999999998,-20.5
2026-02-26 18:56:28,-49.8,293.0099999999998,305.1,9.400000000000006,89.94999999999999,-72.63000000000001,106.34,-129.39999999999998,-18.25
2026-02-26 20:45:00,-49.8,293.0099999999998,305.1,9.400000000000006,40.44999999999999,-72.63000000000001,106.34,-129.39999999999998,-18.25
2026-02-26 22:30:01,-49.8,293.0099999999998,305.1,9.400000000000006,3.6999999999999886,-72.63000000000001,106.34,-129.39999999999998,-18.25
2026-02-27 07:00:01,-49.8,292.3299999999998,305.1,9.400000000000006,3.6999999999999886,-72.63000000000001,106.34,-129.39999999999998,-18.25
2026-02-27 16:45:00,-49.8,292.3299999999998,305.1,9.400000000000006,5.449999999999989,-72.63000000000001,106.34,-129.39999999999998,-18.25
2026-02-27 18:00:00,-49.8,292.3299999999998,305.1,9.400000000000006,13.199999999999989,-72.63000000000001,106.34,-129.39999999999998,-18.25
2026-02-27 18:00:33,-49.8,329.3799999999998,305.1,9.400000000000006,13.199999999999989,-72.63000000000001,106.34,-129.39999999999998,-18.25
2026-02-27 18:15:00,-49.8,329.3799999999998,305.1,9.400000000000006,11.449999999999989,-72.63000000000001,106.34,-129.39999999999998,-18.25
2026-02-27 20:15:53,-49.8,337.0899999999998,305.1,9.400000000000006,11.449999999999989,-72.63000000000001,106.34,-129.39999999999998,-18.25
2026-02-27 21:03:14,187.2,337.0899999999998,305.1,9.400000000000006,11.449999999999989,-72.63000000000001,106.34,-129.39999999999998,-18.25
2026-02-27 23:01:44,187.2,377.5299999999998,305.1,9.400000000000006,11.449999999999989,-72.63000000000001,106.34,-129.39999999999998,-18.25
2026-03-02 01:03:37,187.2,1653.3299999999997,305.1,9.400000000000006,11.449999999999989,-72.63000000000001,106.34,-129.39999999999998,-18.25
2026-03-02 02:00:03,187.2,1747.1699999999996,305.1,9.400000000000006,11.449999999999989,-72.63000000000001,106.34,-129.39999999999998,-18.25
2026-03-02 06:01:54,187.2,1803.8999999999996,305.1,9.400000000000006,11.449999999999989,-72.63000000000001,106.34,-129.39999999999998,-18.25
2026-03-02 09:01:24,187.2,1889.0999999999997,305.1,9.400000000000006,11.449999999999989,-72.63000000000001,106.34,-129.39999999999998,-18.25
2026-03-02 09:13:03,187.2,1095.8999999999996,305.1,9.400000000000006,11.449999999999989,-72.63000000000001,106.34,-129.39999999999998,-18.25
2026-03-02 17:00:00,187.2,1730.3999999999996,305.1,9.400000000000006,11.449999999999989,-72.63000000000001,106.34,-129.39999999999998,-18.25
2026-03-02 18:00:30,187.2,1378.8899999999996,305.1,9.400000000000006,11.449999999999989,-72.63000000000001,106.34,-129.39999999999998,-18.25
2026-03-02 23:30:48,187.2,1418.6999999999996,305.1,9.400000000000006,11.449999999999989,-72.63000000000001,106.34,-129.39999999999998,-18.25
2026-03-03 02:00:21,187.2,1442.7299999999996,305.1,9.400000000000006,11.449999999999989,-72.63000000000001,106.34,-129.39999999999998,-18.25
2026-03-03 05:17:20,187.2,1477.2599999999995,305.1,9.400000000000006,11.449999999999989,-72.63000000000001,106.34,-129.39999999999998,-18.25
2026-03-03 11:00:00,187.2,530.9999999999995,305.1,9.400000000000006,11.449999999999989,-72.63000000000001,106.34,-129.39999999999998,-18.25
2026-03-03 12:00:00,187.2,529.2599999999995,305.1,9.400000000000006,11.449999999999989,-72.63000000000001,106.34,-129.39999999999998,-18.25
2026-03-03 13:00:18,187.2,593.6999999999996,305.1,9.400000000000006,11.449999999999989,-72.63000000000001,106.34,-129.39999999999998,-18.25
2026-03-03 16:31:02,187.2,593.6999999999996,305.1,9.400000000000006,11.449999999999989,-72.63000000000001,106.34,-129.39999999999998,-98.75
2026-03-03 17:00:05,187.2,897.6599999999996,305.1,9.400000000000006,11.449999999999989,-72.63000000000001,106.34,-129.39999999999998,-98.75
2026-03-03 20:00:21,187.2,935.6399999999996,305.1,9.400000000000006,11.449999999999989,-72.63000000000001,106.34,-129.39999999999998,-98.75
2026-03-03 22:00:04,187.2,996.3299999999997,305.1,9.400000000000006,11.449999999999989,-72.63000000000001,106.34,-129.39999999999998,-98.75
2026-03-04 18:00:00,187.2,828.2399999999997,305.1,9.400000000000006,11.449999999999989,-72.63000000000001,106.34,-129.39999999999998,-98.75
2026-03-04 20:00:10,187.2,844.6499999999996,305.1,9.400000000000006,11.449999999999989,-72.63000000000001,106.34,-129.39999999999998,-98.75
2026-03-05 04:00:00,187.2,844.6499999999996,305.1,9.400000000000006,11.449999999999989,-72.63000000000001,259.51,-129.39999999999998,-98.75
2026-03-05 05:00:00,187.2,668.1899999999996,305.1,9.400000000000006,11.449999999999989,-72.63000000000001,259.51,-129.39999999999998,-98.75
2026-03-05 09:00:00,187.2,415.9899999999996,305.1,9.400000000000006,11.449999999999989,-72.63000000000001,259.51,-129.39999999999998,-98.75
2026-03-05 16:00:00,187.2,371.4299999999996,305.1,9.400000000000006,11.449999999999989,-72.63000000000001,259.51,-129.39999999999998,-98.75
2026-03-05 16:00:11,187.2,456.3299999999996,305.1,9.400000000000006,11.449999999999989,-72.63000000000001,259.51,-129.39999999999998,-98.75
2026-03-05 19:02:14,187.2,515.6099999999996,305.1,9.400000000000006,11.449999999999989,-72.63000000000001,259.51,-129.39999999999998,-98.75
2026-03-05 20:30:00,187.2,515.6099999999996,305.1,9.400000000000006,-1.0500000000000114,-72.63000000000001,259.51,-129.39999999999998,-98.75
2026-03-06 12:00:00,187.2,417.5299999999996,305.1,9.400000000000006,-1.0500000000000114,-72.63000000000001,259.51,-129.39999999999998,-98.75
2026-03-06 15:00:00,187.2,355.42999999999955,305.1,9.400000000000006,-1.0500000000000114,-72.63000000000001,259.51,-129.39999999999998,-98.75
2026-03-06 17:00:00,187.2,209.44999999999956,305.1,9.400000000000006,-1.0500000000000114,-72.63000000000001,259.51,-129.39999999999998,-98.75
2026-03-06 22:30:00,187.2,209.44999999999956,305.1,9.400000000000006,-71.55000000000001,-72.63000000000001,259.51,-129.39999999999998,-98.75
2026-03-09 01:01:22,187.2,288.10999999999956,305.1,9.400000000000006,-71.55000000000001,-72.63000000000001,259.51,-129.39999999999998,-98.75
2026-03-09 04:06:01,187.2,357.8299999999996,305.1,9.400000000000006,-71.55000000000001,-72.63000000000001,259.51,-129.39999999999998,-98.75
2026-03-09 05:00:00,187.2,-362.5700000000004,305.1,9.400000000000006,-71.55000000000001,-72.63000000000001,259.51,-129.39999999999998,-98.75
2026-03-09 09:00:00,187.2,-525.8900000000003,305.1,9.400000000000006,-71.55000000000001,-72.63000000000001,259.51,-129.39999999999998,-98.75
2026-03-09 12:01:35,187.2,-530.5700000000003,305.1,9.400000000000006,-71.55000000000001,-72.63000000000001,259.51,-129.39999999999998,-98.75
2026-03-09 17:00:00,599.95,-530.5700000000003,305.1,9.400000000000006,-71.55000000000001,-72.63000000000001,259.51,-129.39999999999998,-98.75
2026-03-09 17:00:25,599.95,-500.0600000000003,305.1,9.400000000000006,-71.55000000000001,-72.63000000000001,259.51,-129.39999999999998,-98.75
2026-03-10 01:01:33,599.95,-490.52000000000027,305.1,9.400000000000006,-71.55000000000001,-72.63000000000001,259.51,-129.39999999999998,-98.75
2026-03-10 05:02:32,599.95,-405.5600000000003,305.1,9.400000000000006,-71.55000000000001,-72.63000000000001,259.51,-129.39999999999998,-98.75
2026-03-10 08:00:01,599.95,-407.40000000000026,305.1,9.400000000000006,-71.55000000000001,-72.63000000000001,259.51,-129.39999999999998,-98.75
2026-03-10 09:05:27,599.95,-379.41000000000025,305.1,9.400000000000006,-71.55000000000001,-72.63000000000001,259.51,-129.39999999999998,-98.75
2026-03-10 11:03:06,599.95,-369.30000000000024,305.1,9.400000000000006,-71.55000000000001,-72.63000000000001,259.51,-129.39999999999998,-98.75
2026-03-10 17:00:17,599.95,-311.97000000000025,305.1,9.400000000000006,-71.55000000000001,-72.63000000000001,259.51,-129.39999999999998,-98.75
2026-03-10 19:03:01,599.95,-253.23000000000025,305.1,9.400000000000006,-71.55000000000001,-72.63000000000001,259.51,-129.39999999999998,-98.75
2026-03-11 07:00:00,599.95,-253.71000000000024,305.1,9.400000000000006,-71.55000000000001,-72.63000000000001,259.51,-129.39999999999998,-98.75
2026-03-11 10:00:00,599.95,299.38999999999976,305.1,9.400000000000006,-71.55000000000001,-72.63000000000001,259.51,-129.39999999999998,-98.75
2026-03-11 15:00:01,599.95,158.68999999999977,305.1,9.400000000000006,-71.55000000000001,-72.63000000000001,259.51,-129.39999999999998,-98.75
2026-03-11 16:31:01,510.95000000000005,158.68999999999977,305.1,9.400000000000006,-71.55000000000001,-72.63000000000001,259.51,-129.39999999999998,-98.75
2026-03-11 18:00:00,510.95000000000005,158.68999999999977,305.1,9.400000000000006,-71.55000000000001,-72.63000000000001,259.51,-129.39999999999998,-131.25
2026-03-12 03:09:47,510.95000000000005,155.53999999999976,305.1,9.400000000000006,-71.55000000000001,-72.63000000000001,259.51,-129.39999999999998,-131.25
2026-03-12 06:01:28,510.95000000000005,152.23999999999975,305.1,9.400000000000006,-71.55000000000001,-72.63000000000001,259.51,-129.39999999999998,-131.25
2026-03-12 11:00:00,510.95000000000005,32.05999999999975,305.1,9.400000000000006,-71.55000000000001,-72.63000000000001,259.51,-129.39999999999998,-131.25
2026-03-12 12:00:00,510.95000000000005,40.11999999999975,305.1,9.400000000000006,-71.55000000000001,-72.63000000000001,259.51,-129.39999999999998,-131.25
2026-03-12 17:30:01,510.95000000000005,40.11999999999975,305.1,9.400000000000006,27.19999999999999,-72.63000000000001,259.51,-129.39999999999998,-131.25
2026-03-12 18:46:42,510.95000000000005,102.39999999999975,305.1,9.400000000000006,27.19999999999999,-72.63000000000001,259.51,-129.39999999999998,-131.25
2026-03-12 19:04:29,510.95000000000005,151.41999999999976,305.1,9.400000000000006,27.19999999999999,-72.63000000000001,259.51,-129.39999999999998,-131.25
2026-03-12 21:00:02,510.95000000000005,151.41999999999976,305.1,9.400000000000006,27.19999999999999,-72.63000000000001,259.51,-129.39999999999998,-174.5
2026-03-12 21:01:15,510.95000000000005,196.56999999999977,305.1,9.400000000000006,27.19999999999999,-72.63000000000001,259.51,-129.39999999999998,-174.5
2026-03-12 23:01:04,510.95000000000005,216.24999999999977,305.1,9.400000000000006,27.19999999999999,-72.63000000000001,259.51,-129.39999999999998,-174.5
2026-03-13 08:00:00,510.95000000000005,195.32999999999976,305.1,9.400000000000006,27.19999999999999,-72.63000000000001,259.51,-129.39999999999998,-174.5
2026-03-13 18:00:14,510.95000000000005,286.34999999999974,305.1,9.400000000000006,27.19999999999999,-72.63000000000001,259.51,-129.39999999999998,-174.5
2026-03-13 19:30:00,510.95000000000005,286.34999999999974,305.1,9.400000000000006,-16.55000000000001,-72.63000000000001,259.51,-129.39999999999998,-174.5
2026-03-13 23:00:00,510.95000000000005,286.34999999999974,305.1,9.400000000000006,-16.55000000000001,-72.63000000000001,28.92999999999998,-129.39999999999998,-174.5
2026-03-13 23:00:35,510.95000000000005,330.9299999999997,305.1,9.400000000000006,-16.55000000000001,-72.63000000000001,28.92999999999998,-129.39999999999998,-174.5
2026-03-16 03:00:15,510.95000000000005,355.52999999999975,305.1,9.400000000000006,-16.55000000000001,-72.63000000000001,28.92999999999998,-129.39999999999998,-174.5
2026-03-16 05:00:33,510.95000000000005,376.43999999999977,305.1,9.400000000000006,-16.55000000000001,-72.63000000000001,28.92999999999998,-129.39999999999998,-174.5
2026-03-16 11:00:31,510.95000000000005,392.00999999999976,305.1,9.400000000000006,-16.55000000000001,-72.63000000000001,28.92999999999998,-129.39999999999998,-174.5
2026-03-16 13:09:14,510.95000000000005,429.08999999999975,305.1,9.400000000000006,-16.55000000000001,-72.63000000000001,28.92999999999998,-129.39999999999998,-174.5
2026-03-16 14:00:00,510.95000000000005,457.3099999999997,305.1,9.400000000000006,-16.55000000000001,-72.63000000000001,28.92999999999998,-129.39999999999998,-174.5
2026-03-16 15:00:00,510.95000000000005,457.3099999999997,305.1,9.400000000000006,-16.55000000000001,-72.63000000000001,-1.2600000000000229,-129.39999999999998,-174.5
2026-03-16 17:00:00,501.95000000000005,457.3099999999997,305.1,9.400000000000006,-16.55000000000001,-72.63000000000001,-1.2600000000000229,-129.39999999999998,-174.5
2026-03-17 11:00:01,501.95000000000005,457.3099999999997,305.1,9.400000000000006,-16.55000000000001,-72.63000000000001,-142.25000000000003,-129.39999999999998,-174.5
2026-03-17 14:00:00,501.95000000000005,401.4499999999997,305.1,9.400000000000006,-16.55000000000001,-72.63000000000001,-142.25000000000003,-129.39999999999998,-174.5
2026-03-17 14:08:21,501.95000000000005,421.4899999999997,305.1,9.400000000000006,-16.55000000000001,-72.63000000000001,-142.25000000000003,-129.39999999999998,-174.5
2026-03-17 19:18:11,501.95000000000005,429.28999999999974,305.1,9.400000000000006,-16.55000000000001,-72.63000000000001,-142.25000000000003,-129.39999999999998,-174.5
2026-03-17 23:04:43,501.95000000000005,424.45999999999975,305.1,9.400000000000006,-16.55000000000001,-72.63000000000001,-142.25000000000003,-129.39999999999998,-174.5
2026-03-18 05:00:33,501.95000000000005,418.78999999999974,305.1,9.400000000000006,-16.55000000000001,-72.63000000000001,-142.25000000000003,-129.39999999999998,-174.5
2026-03-18 06:00:00,501.95000000000005,401.00999999999976,305.1,9.400000000000006,-16.55000000000001,-72.63000000000001,-142.25000000000003,-129.39999999999998,-174.5
2026-03-18 07:24:05,501.95000000000005,394.76999999999975,305.1,9.400000000000006,-16.55000000000001,-72.63000000000001,-142.25000000000003,-129.39999999999998,-174.5
2026-03-18 14:14:57,501.95000000000005,443.4299999999997,305.1,9.400000000000006,-16.55000000000001,-72.63000000000001,-142.25000000000003,-129.39999999999998,-174.5
2026-03-18 16:31:00,503.70000000000005,443.4299999999997,305.1,9.400000000000006,-16.55000000000001,-72.63000000000001,-142.25000000000003,-129.39999999999998,-174.5
2026-03-18 16:42:22,503.70000000000005,580.7099999999997,305.1,9.400000000000006,-16.55000000000001,-72.63000000000001,-142.25000000000003,-129.39999999999998,-174.5
2026-03-18 18:00:39,503.70000000000005,597.5699999999997,305.1,9.400000000000006,-16.55000000000001,-72.63000000000001,-142.25000000000003,-129.39999999999998,-174.5
2026-03-18 22:04:29,503.70000000000005,618.3899999999998,305.1,9.400000000000006,-16.55000000000001,-72.63000000000001,-142.25000000000003,-129.39999999999998,-174.5
2026-03-18 22:45:00,503.70000000000005,618.3899999999998,305.1,9.400000000000006,-35.05000000000001,-72.63000000000001,-142.25000000000003,-129.39999999999998,-174.5
2026-03-19 01:01:09,503.70000000000005,647.6999999999997,305.1,9.400000000000006,-35.05000000000001,-72.63000000000001,-142.25000000000003,-129.39999999999998,-174.5
2026-03-19 05:07:38,503.70000000000005,647.6999999999997,305.1,51.60000000000001,-35.05000000000001,-72.63000000000001,-142.25000000000003,-129.39999999999998,-174.5
2026-03-19 09:00:35,503.70000000000005,659.9999999999997,305.1,51.60000000000001,-35.05000000000001,-72.63000000000001,-142.25000000000003,-129.39999999999998,-174.5
2026-03-19 11:00:07,503.70000000000005,761.2199999999997,305.1,51.60000000000001,-35.05000000000001,-72.63000000000001,-142.25000000000003,-129.39999999999998,-174.5
2026-03-19 13:00:36,503.70000000000005,783.0299999999996,305.1,51.60000000000001,-35.05000000000001,-72.63000000000001,-142.25000000000003,-129.39999999999998,-174.5
2026-03-19 16:20:36,503.70000000000005,1087.8299999999997,305.1,51.60000000000001,-35.05000000000001,-72.63000000000001,-142.25000000000003,-129.39999999999998,-174.5
2026-03-19 16:31:00,1279.2,1087.8299999999997,305.1,51.60000000000001,-35.05000000000001,-72.63000000000001,-142.25000000000003,-129.39999999999998,-174.5
2026-03-19 18:00:12,1279.2,1136.1899999999996,305.1,51.60000000000001,-35.05000000000001,-72.63000000000001,-142.25000000000003,-129.39999999999998,-174.5
2026-03-20 04:50:41,1279.2,1136.1899999999996,305.1,51.60000000000001,-35.05000000000001,-72.63000000000001,-142.25000000000003,-109.49999999999997,-174.5
2026-03-20 18:00:00,1279.2,1136.1899999999996,305.1,51.60000000000001,-186.55,-72.63000000000001,-142.25000000000003,-109.49999999999997,-174.5
2026-03-20 20:45:00,1279.2,1136.1899999999996,305.1,51.60000000000001,-275.05,-72.63000000000001,-142.25000000000003,-109.49999999999997,-174.5
2026-03-23 23:00:00,1279.2,1136.1899999999996,305.1,51.60000000000001,-275.05,-72.63000000000001,-225.91000000000003,-109.49999999999997,-174.5
2026-03-24 04:00:00,1279.2,1009.8699999999997,305.1,51.60000000000001,-275.05,-72.63000000000001,-225.91000000000003,-109.49999999999997,-174.5
2026-03-24 17:30:00,1279.2,1009.8699999999997,305.1,51.60000000000001,-392.55,-72.63000000000001,-225.91000000000003,-109.49999999999997,-174.5
2026-03-25 02:00:30,1279.2,1028.9499999999996,305.1,51.60000000000001,-392.55,-72.63000000000001,-225.91000000000003,-109.49999999999997,-174.5
2026-03-25 04:00:04,1279.2,1065.3699999999997,305.1,51.60000000000001,-392.55,-72.63000000000001,-225.91000000000003,-109.49999999999997,-174.5
2026-03-25 04:54:18,1279.2,1065.3699999999997,305.1,51.60000000000001,-392.55,-72.63000000000001,-225.91000000000003,-102.99999999999997,-174.5
2026-03-25 16:31:01,871.7,1065.3699999999997,305.1,51.60000000000001,-392.55,-72.63000000000001,-225.91000000000003,-102.99999999999997,-174.5
2026-03-25 23:00:00,871.7,871.1799999999996,305.1,51.60000000000001,-392.55,-72.63000000000001,-225.91000000000003,-102.99999999999997,-174.5
2026-03-26 01:01:01,871.7,1292.4799999999996,305.1,51.60000000000001,-392.55,-72.63000000000001,-225.91000000000003,-102.99999999999997,-174.5
2026-03-26 05:00:47,871.7,1284.1699999999996,305.1,51.60000000000001,-392.55,-72.63000000000001,-225.91000000000003,-102.99999999999997,-174.5
2026-03-26 12:00:55,871.7,1305.8899999999996,305.1,51.60000000000001,-392.55,-72.63000000000001,-225.91000000000003,-102.99999999999997,-174.5
2026-03-26 13:00:00,871.7,1353.8899999999996,305.1,51.60000000000001,-392.55,-72.63000000000001,-225.91000000000003,-102.99999999999997,-174.5
2026-03-26 15:00:47,871.7,1347.1999999999996,305.1,51.60000000000001,-392.55,-72.63000000000001,-225.91000000000003,-102.99999999999997,-174.5
2026-03-26 17:30:00,871.7,1347.1999999999996,305.1,51.60000000000001,-391.55,-72.63000000000001,-225.91000000000003,-102.99999999999997,-174.5
2026-03-26 20:00:33,871.7,1457.0299999999995,305.1,51.60000000000001,-391.55,-72.63000000000001,-225.91000000000003,-102.99999999999997,-174.5
2026-03-26 23:11:44,871.7,1488.7099999999996,305.1,51.60000000000001,-391.55,-72.63000000000001,-225.91000000000003,-102.99999999999997,-174.5
2026-03-27 04:00:00,871.7,1421.1099999999997,305.1,51.60000000000001,-391.55,-72.63000000000001,-225.91000000000003,-102.99999999999997,-174.5
2026-03-27 04:00:03,871.7,1417.3899999999996,305.1,51.60000000000001,-391.55,-72.63000000000001,-225.91000000000003,-102.99999999999997,-174.5
2026-03-27 09:00:00,871.7,1308.3699999999997,305.1,51.60000000000001,-391.55,-72.63000000000001,-225.91000000000003,-102.99999999999997,-174.5
2026-03-27 14:00:12,871.7,1330.2699999999998,305.1,51.60000000000001,-391.55,-72.63000000000001,-225.91000000000003,-102.99999999999997,-174.5
2026-03-27 16:31:00,1699.7,1330.2699999999998,305.1,51.60000000000001,-391.55,-72.63000000000001,-225.91000000000003,-102.99999999999997,-174.5
2026-03-27 18:00:01,1699.7,1054.2399999999998,305.1,51.60000000000001,-391.55,-72.63000000000001,-225.91000000000003,-102.99999999999997,-174.5
2026-03-27 20:30:01,1699.7,1054.2399999999998,305.1,51.60000000000001,-477.05,-72.63000000000001,-225.91000000000003,-102.99999999999997,-174.5
2026-03-27 21:00:00,1699.7,1054.2399999999998,305.1,51.60000000000001,-477.05,-72.63000000000001,-225.91000000000003,-102.99999999999997,-117.5
2026-03-30 03:00:01,1699.7,828.9099999999997,305.1,51.60000000000001,-477.05,-72.63000000000001,-225.91000000000003,-102.99999999999997,-117.5
2026-03-30 04:00:13,1699.7,70.40999999999974,305.1,51.60000000000001,-477.05,-72.63000000000001,-225.91000000000003,-102.99999999999997,-117.5
2026-03-30 05:00:00,1699.7,-33.84000000000026,305.1,51.60000000000001,-477.05,-72.63000000000001,-225.91000000000003,-102.99999999999997,-117.5
2026-03-30 09:00:03,1699.7,33.29999999999974,305.1,51.60000000000001,-477.05,-72.63000000000001,-225.91000000000003,-102.99999999999997,-117.5
2026-03-30 10:00:00,1699.7,32.679999999999744,305.1,51.60000000000001,-477.05,-72.63000000000001,-225.91000000000003,-102.99999999999997,-117.5
2026-03-30 12:06:36,1699.7,44.169999999999746,305.1,51.60000000000001,-477.05,-72.63000000000001,-225.91000000000003,-102.99999999999997,-117.5
2026-03-30 15:00:29,1699.7,113.01999999999974,305.1,51.60000000000001,-477.05,-72.63000000000001,-225.91000000000003,-102.99999999999997,-117.5
2026-03-30 22:30:00,1699.7,113.01999999999974,305.1,51.60000000000001,-642.55,-72.63000000000001,-225.91000000000003,-102.99999999999997,-117.5
2026-03-30 23:00:00,1699.7,37.119999999999735,305.1,51.60000000000001,-642.55,-72.63000000000001,-225.91000000000003,-102.99999999999997,-117.5
2026-03-31 04:50:01,1699.7,37.119999999999735,305.1,51.60000000000001,-642.55,-72.63000000000001,-225.91000000000003,-94.59999999999997,-117.5
2026-03-31 05:00:17,1699.7,129.66999999999973,305.1,51.60000000000001,-642.55,-72.63000000000001,-225.91000000000003,-94.59999999999997,-117.5
2026-03-31 07:00:00,1699.7,129.30999999999972,305.1,51.60000000000001,-642.55,-72.63000000000001,-225.91000000000003,-94.59999999999997,-117.5
2026-03-31 09:00:13,1699.7,122.34999999999972,305.1,51.60000000000001,-642.55,-72.63000000000001,-225.91000000000003,-94.59999999999997,-117.5
2026-03-31 11:02:00,1699.7,133.98999999999972,305.1,51.60000000000001,-642.55,-72.63000000000001,-225.91000000000003,-94.59999999999997,-117.5
2026-03-31 15:14:01,1699.7,167.58999999999972,305.1,51.60000000000001,-642.55,-72.63000000000001,-225.91000000000003,-94.59999999999997,-117.5
2026-03-31 17:09:58,1699.7,253.86999999999972,305.1,51.60000000000001,-642.55,-72.63000000000001,-225.91000000000003,-94.59999999999997,-117.5
2026-03-31 21:10:02,1699.7,253.86999999999972,305.1,51.60000000000001,-642.55,-72.63000000000001,-225.91000000000003,-94.59999999999997,-117.5
2026-03-31 22:08:48,1699.7,448.26999999999975,305.1,51.60000000000001,-642.55,-72.63000000000001,-225.91000000000003,-94.59999999999997,-117.5
2026-04-01 03:00:31,1699.7,475.2399999999998,305.1,51.60000000000001,-642.55,-72.63000000000001,-225.91000000000003,-94.59999999999997,-117.5
2026-04-01 08:00:00,1699.7,475.2399999999998,305.1,99.80000000000001,-642.55,-72.63000000000001,-225.91000000000003,-94.59999999999997,-117.5
2026-04-02 00:01:00,1699.7,475.2399999999998,305.1,99.80000000000001,-642.55,-72.63000000000001,-225.91000000000003,-138.49999999999997,-117.5
2026-04-02 08:00:00,1699.7,1736.6399999999999,305.1,99.80000000000001,-642.55,-72.63000000000001,-225.91000000000003,-138.49999999999997,-117.5
2026-04-02 18:00:01,1699.7,1470.8999999999999,305.1,99.80000000000001,-642.55,-72.63000000000001,-225.91000000000003,-138.49999999999997,-117.5
2026-04-06 03:01:14,1699.7,1538.61,305.1,99.80000000000001,-642.55,-72.63000000000001,-225.91000000000003,-138.49999999999997,-117.5
2026-04-06 08:00:00,1699.7,1426.62,305.1,99.80000000000001,-642.55,-72.63000000000001,-225.91000000000003,-138.49999999999997,-117.5
2026-04-06 12:50:29,1699.7,1448.79,305.1,99.80000000000001,-642.55,-72.63000000000001,-225.91000000000003,-138.49999999999997,-117.5
2026-04-06 17:00:00,1699.7,1295.09,305.1,99.80000000000001,-642.55,-72.63000000000001,-225.91000000000003,-138.49999999999997,-117.5
2026-04-06 18:00:00,1699.7,1295.09,305.1,99.80000000000001,-642.55,-72.63000000000001,-225.91000000000003,-138.49999999999997,-188.5
2026-04-06 18:40:05,1699.7,1295.09,305.1,99.80000000000001,-642.55,-72.63000000000001,-225.91000000000003,-138.49999999999997,-188.5
2026-04-06 20:00:00,1699.7,1195.1899999999998,305.1,99.80000000000001,-642.55,-72.63000000000001,-225.91000000000003,-138.49999999999997,-188.5
2026-04-06 20:00:01,2471.7,1195.1899999999998,305.1,99.80000000000001,-642.55,-72.63000000000001,-225.91000000000003,-138.49999999999997,-188.5
2026-04-07 01:00:00,2471.7,1195.1899999999998,305.1,99.80000000000001,-642.55,-72.63000000000001,-113.86000000000003,-138.49999999999997,-188.5
2026-04-07 08:00:01,2471.7,1094.1499999999999,305.1,99.80000000000001,-642.55,-72.63000000000001,-113.86000000000003,-138.49999999999997,-188.5
2026-04-07 14:00:00,2471.7,998.3899999999999,305.1,99.80000000000001,-642.55,-72.63000000000001,-113.86000000000003,-138.49999999999997,-188.5
2026-04-07 16:00:00,2471.7,684.1899999999998,305.1,99.80000000000001,-642.55,-72.63000000000001,-113.86000000000003,-138.49999999999997,-188.5
2026-04-07 17:30:00,2471.7,684.1899999999998,305.1,99.80000000000001,-264.04999999999995,-72.63000000000001,-113.86000000000003,-138.49999999999997,-188.5
2026-04-07 18:00:01,2471.7,684.1899999999998,305.1,99.80000000000001,-264.04999999999995,-72.63000000000001,-113.86000000000003,-138.49999999999997,-356.5
2026-04-07 21:00:00,2471.7,555.0999999999998,305.1,99.80000000000001,-264.04999999999995,-72.63000000000001,-113.86000000000003,-138.49999999999997,-356.5
2026-04-08 01:01:06,2471.7,678.7299999999998,305.1,99.80000000000001,-264.04999999999995,-72.63000000000001,-113.86000000000003,-138.49999999999997,-356.5
2026-04-08 03:00:07,2471.7,712.4799999999998,305.1,99.80000000000001,-264.04999999999995,-72.63000000000001,-113.86000000000003,-138.49999999999997,-356.5
2026-04-08 08:00:00,2471.7,712.4799999999998,305.1,-72.39999999999998,-264.04999999999995,-72.63000000000001,-113.86000000000003,-138.49999999999997,-356.5
2026-04-08 09:08:23,2471.7,730.9599999999998,305.1,-72.39999999999998,-264.04999999999995,-72.63000000000001,-113.86000000000003,-138.49999999999997,-356.5
2026-04-08 10:00:00,2471.7,730.9599999999998,305.1,-72.39999999999998,-264.04999999999995,-72.63000000000001,-96.76000000000002,-138.49999999999997,-356.5
2026-04-08 16:31:00,2471.7,730.9599999999998,305.1,-72.39999999999998,198.95000000000005,-72.63000000000001,-96.76000000000002,-138.49999999999997,-356.5
2026-04-08 18:20:00,2471.7,730.9599999999998,305.1,-72.39999999999998,198.95000000000005,-72.63000000000001,-96.76000000000002,-138.49999999999997,-356.5
2026-04-08 20:00:00,2471.7,1312.6599999999999,305.1,-72.39999999999998,198.95000000000005,-72.63000000000001,-96.76000000000002,-138.49999999999997,-356.5
2026-04-08 21:00:01,2471.7,1056.0099999999998,305.1,-72.39999999999998,198.95000000000005,-72.63000000000001,-96.76000000000002,-138.49999999999997,-356.5
2026-04-09 00:01:00,2471.7,1056.0099999999998,305.1,-72.39999999999998,198.95000000000005,-72.63000000000001,-96.76000000000002,-211.49999999999997,-356.5
2026-04-09 13:00:01,2471.7,978.8799999999998,305.1,-72.39999999999998,198.95000000000005,-72.63000000000001,-96.76000000000002,-211.49999999999997,-356.5
2026-04-09 16:31:01,2471.7,978.8799999999998,305.1,-72.39999999999998,198.95000000000005,-72.63000000000001,-96.76000000000002,-211.49999999999997,-953.0
2026-04-09 17:00:38,2471.7,995.0199999999998,305.1,-72.39999999999998,198.95000000000005,-72.63000000000001,-96.76000000000002,-211.49999999999997,-953.0
2026-04-09 19:13:39,2471.7,1057.1799999999998,305.1,-72.39999999999998,198.95000000000005,-72.63000000000001,-96.76000000000002,-211.49999999999997,-953.0
2026-04-09 21:01:21,2471.7,1073.4099999999999,305.1,-72.39999999999998,198.95000000000005,-72.63000000000001,-96.76000000000002,-211.49999999999997,-953.0
2026-04-10 01:01:52,2471.7,1075.2699999999998,305.1,-72.39999999999998,198.95000000000005,-72.63000000000001,-96.76000000000002,-211.49999999999997,-953.0
2026-04-10 05:00:02,2471.7,1155.7699999999998,305.1,-72.39999999999998,198.95000000000005,-72.63000000000001,-96.76000000000002,-211.49999999999997,-953.0
2026-04-10 05:00:30,2471.7,1149.5899999999997,305.1,-72.39999999999998,198.95000000000005,-72.63000000000001,-96.76000000000002,-211.49999999999997,-953.0
2026-04-10 17:00:01,2471.7,1149.9499999999996,305.1,-72.39999999999998,198.95000000000005,-72.63000000000001,-96.76000000000002,-211.49999999999997,-953.0
2026-04-10 18:36:21,2471.7,1149.9499999999996,305.1,-72.39999999999998,198.95000000000005,-72.63000000000001,-96.76000000000002,-211.49999999999997,-1042.0
2026-04-10 21:00:00,2471.7,985.5499999999996,305.1,-72.39999999999998,198.95000000000005,-72.63000000000001,-96.76000000000002,-211.49999999999997,-1042.0
2026-04-13 01:01:02,2471.7,641.7499999999995,305.1,-72.39999999999998,198.95000000000005,-72.63000000000001,-96.76000000000002,-211.49999999999997,-1042.0
2026-04-13 01:01:03,2471.7,1087.5699999999995,305.1,-72.39999999999998,198.95000000000005,-72.63000000000001,-96.76000000000002,-211.49999999999997,-1042.0
2026-04-13 07:33:34,2471.7,1087.5699999999995,305.1,78.08000000000001,198.95000000000005,-72.63000000000001,-96.76000000000002,-211.49999999999997,-1042.0
2026-04-13 18:00:01,2471.7,1087.5699999999995,305.1,78.08000000000001,-42.539999999999964,-72.63000000000001,-96.76000000000002,-211.49999999999997,-1042.0
2026-04-13 20:00:00,2352.5699999999997,787.4099999999994,305.1,78.08000000000001,-42.539999999999964,-72.63000000000001,-96.76000000000002,-211.49999999999997,-1042.0
2026-04-14 04:00:02,2352.5699999999997,813.0899999999993,305.1,78.08000000000001,-42.539999999999964,-72.63000000000001,-96.76000000000002,-211.49999999999997,-1042.0
2026-04-14 06:00:57,2352.5699999999997,833.8799999999993,305.1,78.08000000000001,-42.539999999999964,-72.63000000000001,-96.76000000000002,-211.49999999999997,-1042.0
2026-04-14 08:02:23,2352.5699999999997,847.8799999999993,305.1,78.08000000000001,-42.539999999999964,-72.63000000000001,-96.76000000000002,-211.49999999999997,-1042.0
2026-04-14 09:00:04,2352.5699999999997,844.2399999999993,305.1,78.08000000000001,-42.539999999999964,-72.63000000000001,-96.76000000000002,-211.49999999999997,-1042.0
2026-04-14 09:00:07,2352.5699999999997,844.2399999999993,305.1,78.08000000000001,-42.539999999999964,-72.63000000000001,0.9899999999999807,-211.49999999999997,-1042.0
2026-04-14 12:05:23,2352.5699999999997,851.1599999999993,305.1,78.08000000000001,-42.539999999999964,-72.63000000000001,0.9899999999999807,-211.49999999999997,-1042.0
2026-04-14 18:00:36,2352.5699999999997,939.3599999999993,305.1,78.08000000000001,-42.539999999999964,-72.63000000000001,0.9899999999999807,-211.49999999999997,-1042.0
2026-04-14 21:21:16,2352.5699999999997,1039.9199999999994,305.1,78.08000000000001,-42.539999999999964,-72.63000000000001,0.9899999999999807,-211.49999999999997,-1042.0
2026-04-14 23:00:00,2352.5699999999997,1039.9199999999994,305.1,78.08000000000001,-42.539999999999964,-72.63000000000001,-203.41000000000003,-211.49999999999997,-1042.0
2026-04-14 23:04:34,2352.5699999999997,1068.0699999999995,305.1,78.08000000000001,-42.539999999999964,-72.63000000000001,-203.41000000000003,-211.49999999999997,-1042.0
2026-04-15 00:01:00,2352.5699999999997,1068.0699999999995,305.1,78.08000000000001,-42.539999999999964,-72.63000000000001,-203.41000000000003,-264.84999999999997,-1042.0
2026-04-15 05:15:57,2352.5699999999997,1086.4199999999994,305.1,78.08000000000001,-42.539999999999964,-72.63000000000001,-203.41000000000003,-264.84999999999997,-1042.0
2026-04-15 08:30:19,2352.5699999999997,1076.7199999999993,305.1,78.08000000000001,-42.539999999999964,-72.63000000000001,-203.41000000000003,-264.84999999999997,-1042.0
2026-04-15 12:00:00,2352.5699999999997,1796.5999999999995,305.1,78.08000000000001,-42.539999999999964,-72.63000000000001,-203.41000000000003,-264.84999999999997,-1042.0
2026-04-15 14:00:00,2352.5699999999997,1721.9599999999994,305.1,78.08000000000001,-42.539999999999964,-72.63000000000001,-203.41000000000003,-264.84999999999997,-1042.0
